convID,messageID,message,Intent Identified,Correct/Incorrect,Entity Identified,Correct/Incorrect
1,1-1,"Provide a summary of chapter 11","chapter.summary",Correct,"chapter-adhyay: Chapter
chapter-number: 11.0
shloka-verse: null",Correct
1,1-2,"Show verse 11.11 from chapter 11","shloka.search",Correct,"Chapter-adhyay: Chapter
Shloka-verse: Shloka
chapter-number: 11.0
sloka-number: 11.11",Correct
1,1-3,"No","shloka.search - no",Incorrect,"",Incorrect
1,1-4,"Thank you for the explanation","",Incorrect,"",Incorrect
2,2-1,"Display verse 10.10 from chapter 10","chapter.all.sloka",Incorrect,"chapter-adhyay: Chapter
chapter-number: 10.0
shloka-verse: Shloka",Correct
2,2-2,"Yes","",Incorrect,"",Incorrect
2,2-3,"Show the previous verse","get.previous.sloka",Correct,"number: null
shloka-verse: Shloka",Correct
2,2-4,"How do these verses explain divine grace?","get.previous.sloka",Incorrect,"number: null
shloka-verse: Shloka",Correct
3,3-1,"Namaste","Default Fallback Intent",Correct,"",Incorrect
3,3-2,"Please show all verses of chapter 9","chapter.all.sloka",Correct,"chapter-adhyay: Chapter
chapter-number: 9.0
shloka-verse: Shloka",Correct
3,3-3,"Thank you","",Incorrect,"",Incorrect
3,3-4,"Which verse describes Krishna's impartiality?","get.previous.sloka",Incorrect,"number: null
shloka-verse: Shloka",Correct
4,4-1,"Give a summary of chapter 8","chapter.summary",Correct,"chapter-adhyay: Chapter
chapter-number: 8.0
shloka-verse: null",Correct
4,4-2,"Show verse 8.8 from chapter 8","chapter.all.sloka",Incorrect,"chapter-adhyay: Chapter
chapter-number: 8.0
shloka-verse: Shloka",Correct
4,4-3,"How does this verse explain constant meditation?","get.previous.sloka",Incorrect,"number: null
shloka-verse: Shloka",Correct
5,5-1,"Display verse 7.7 of chapter 7","chapter.all.sloka",Incorrect,"chapter-adhyay: Chapter
chapter-number: 7.0
shloka-verse: Shloka",Correct
5,5-2,"Yes","",Incorrect,"",Incorrect
5,5-3,"Show the next verse","get.next.sloka",Correct,"shloka-verse: Shloka",Correct
5,5-4,"How do these verses describe Krishna's supreme nature?","get.previous.sloka",Incorrect,"number: null
shloka-verse: Shloka",Correct
6,6-1,"Jai Shri Krishna!","Default Welcome Intent",Correct,"person: [object Object]",Incorrect
6,6-2,"Please show verse 6.6 from chapter 6","shloka.search",Correct,"Chapter-adhyay: Chapter
Shloka-verse: Shloka
chapter-number: 6.0
sloka-number: 6.6",Correct
6,6-3,"No","shloka.search - no",Incorrect,"",Incorrect
6,6-4,"I appreciate your assistance","",Incorrect,"",Incorrect
7,7-1,"verse 5 of chapter 5","shloka.search",Correct,"Chapter-adhyay: Chapter
Shloka-verse: 
chapter-number: 5.0, 5.0
sloka-number: ",Incorrect
7,7-2,"Can you share verse 5.5?","shloka.search",Correct,"Chapter-adhyay: Chapter
Shloka-verse: Shloka
chapter-number: 5.0, 5.0
sloka-number: 5.5",Correct
7,7-3,"Yes","shloka.search - yes",Incorrect,"",Incorrect
7,7-4,"How does this verse describe the wise person?","get.previous.sloka",Incorrect,"number: null
shloka-verse: Shloka",Correct
8,8-1,"Show all verses from chapter 4","chapter.all.sloka",Correct,"chapter-adhyay: Chapter
chapter-number: 4.0
shloka-verse: Shloka",Correct
8,8-2,"Thank you","",Incorrect,"",Incorrect
8,8-3,"Which verse talks about the nature of action and inaction?","get.previous.sloka",Incorrect,"number: null
shloka-verse: Shloka",Correct
9,9-1,"Provide a summary of chapter 3","chapter.summary",Correct,"chapter-adhyay: Chapter
chapter-number: 3.0
shloka-verse: null",Correct
9,9-2,"How does this chapter explain karma yoga?","chapter.summary",Incorrect,"chapter-adhyay: Chapter
chapter-number: 
shloka-verse: null",Incorrect
10,10-1,"Hare Krishna!","Default Welcome Intent",Correct,"person: [object Object]",Incorrect
10,10-2,"Could you show verse 2.2 of chapter 2?","shloka.search",Correct,"Chapter-adhyay: Chapter
Shloka-verse: Shloka
chapter-number: 2.0
sloka-number: 2.2",Correct
10,10-3,"Yes","shloka.search - yes",Incorrect,"",Incorrect
10,10-4,"What does Krishna say to Arjuna in this verse?","Default Welcome Intent",Incorrect,"person: [object Object]",Incorrect
11,11-1,"Give a summary of chapter 1","chapter.summary",Correct,"chapter-adhyay: Chapter
chapter-number: 1.0
shloka-verse: null",Correct
11,11-2,"Show verse 1.1 from chapter 1","shloka.search",Correct,"Chapter-adhyay: Chapter
Shloka-verse: Shloka
chapter-number: 1.0
sloka-number: 1.1",Correct
11,11-3,"No","shloka.search - no",Incorrect,"",Incorrect
11,11-4,"Thank you for the insights","",Incorrect,"",Incorrect
12,12-1,"Display verse 18.18 from chapter 18","chapter.all.sloka",Incorrect,"chapter-adhyay: Chapter
chapter-number: 18.0
shloka-verse: Shloka",Correct
12,12-2,"Yes","",Incorrect,"",Incorrect
12,12-3,"Show the previous verse","get.previous.sloka",Correct,"number: null
shloka-verse: Shloka",Correct
12,12-4,"How do these verses explain the factors of action?","get.previous.sloka",Incorrect,"number: null
shloka-verse: Shloka",Correct
13,13-1,"Namaste","Default Fallback Intent",Correct,"",Incorrect
13,13-2,"Please show all verses of chapter 17","chapter.all.sloka",Correct,"chapter-adhyay: Chapter
chapter-number: 17.0
shloka-verse: Shloka",Correct
13,13-3,"Thank you","",Incorrect,"",Incorrect
13,13-4,"Which verse explains the three types of faith?","shloka.search",Incorrect,"Chapter-adhyay: 
Shloka-verse: Shloka
chapter-number: 3.0
sloka-number: ",Incorrect
14,14-1,"Provide a summary of chapter 16","chapter.summary",Correct,"chapter-adhyay: Chapter
chapter-number: 16.0
shloka-verse: null",Correct
14,14-2,"Show verse 16.16 from chapter 16","shloka.search",Correct,"Chapter-adhyay: Chapter
Shloka-verse: Shloka
chapter-number: 16.0
sloka-number: 16.16",Correct
14,14-3,"How does this verse describe the results of desire?","get.previous.sloka",Incorrect,"number: null
shloka-verse: Shloka",Correct
15,15-1,"Show verse 15.15 of chapter 15","shloka.search",Correct,"Chapter-adhyay: Chapter
Shloka-verse: Shloka
chapter-number: 15.0
sloka-number: 15.15",Correct
15,15-2,"Yes","shloka.search - yes",Incorrect,"",Incorrect
15,15-3,"Display the next verse","get.next.sloka",Correct,"shloka-verse: Shloka",Correct
15,15-4,"How do these verses describe Krishna's all-pervasiveness?","get.previous.sloka",Incorrect,"number: null
16,16-1,"Jai Shri Krishna!","Default Welcome Intent",Correct,"person: [object Object]",Incorrect
16,16-2,"Please display verse 14.14 from chapter 14","shloka.search",Correct,"Chapter-adhyay: Chapter
Shloka-verse: Shloka
chapter-number: 14.0
sloka-number: 14.14",Correct
16,16-3,"No","shloka.search - no",Incorrect,"",Incorrect
16,16-4,"I understand, thank you for your time","",Incorrect,"",Incorrect
17,17-1,"verse 13 of chapter 13","shloka.search",Correct,"Chapter-adhyay: Chapter
Shloka-verse: Shloka
chapter-number: 13.0
sloka-number: 13.0",Correct
17,17-2,"Can you share verse 13.13?","get.previous.sloka",Incorrect,"number: 13.13
shloka-verse: Shloka",Correct
17,17-3,"Yes","get.previous.sloka - yes",Incorrect,"",Incorrect
17,17-4,"How does this verse describe the knowable?","get.previous.sloka",Incorrect,"number: null
shloka-verse: Shloka",Correct
18,18-1,"Show all verses from chapter 12","chapter.all.sloka",Correct,"chapter-adhyay: Chapter
chapter-number: 12.0
shloka-verse: Shloka",Correct
18,18-2,"Thank you","",Incorrect,"",Incorrect
18,18-3,"Which verse compares personal and impersonal worship?","get.previous.sloka",Incorrect,"number: null
shloka-verse: Shloka",Correct
19,19-1,"Give me a summary of chapter 11","chapter.summary",Correct,"chapter-adhyay: Chapter
chapter-number: 11.0
shloka-verse: null",Correct
19,19-2,"How does this chapter describe the universal form?","chapter.summary",Incorrect,"chapter-adhyay: Chapter
chapter-number: 
shloka-verse: null",Incorrect
20,20-1,"Hare Krishna!","Default Welcome Intent",Correct,"person: [object Object]",Incorrect
20,20-2,"Could you show verse 10.10 of chapter 10?","shloka.search",Correct,"Chapter-adhyay: Chapter
Shloka-verse: Shloka
chapter-number: 10.0
sloka-number: 10.1",Incorrect
20,20-3,"Yes","shloka.search - yes",Incorrect,"",Incorrect
20,20-4,"What does this verse say about devotion and wisdom?","get.previous.sloka",Incorrect,"number: null
shloka-verse: Shloka",Correct
21,21-1,"Provide a summary of chapter 9","chapter.summary",Correct,"chapter-adhyay: Chapter
chapter-number: 9.0
shloka-verse: null",Correct
21,21-2,"Show verse 9.9 from chapter 9","shloka.search",Correct,"Chapter-adhyay: Chapter
Shloka-verse: Shloka
chapter-number: 9.0
sloka-number: 9.9",Correct
21,21-3,"No","shloka.search - no",Incorrect,"",Incorrect
21,21-4,"Thank you for the explanation","",Incorrect,"",Incorrect
22,22-1,"Display versus 8.8 from chapter 8","chapter.summary",Incorrect,"chapter-adhyay: Chapter
chapter-number: 8.0
shloka-verse: null",Correct
22,22-2,"Yes","",Incorrect,"",Incorrect
22,22-3,"Show the previous verse","get.previous.sloka",Correct,"number: null
shloka-verse: Shloka",Correct
22,22-4,"How do these verses explain constant remembrance of the Divine?","get.previous.sloka",Incorrect,"number: null
shloka-verse: Shloka",Correct
23,23-1,"Namaste","Default Fallback Intent",Correct,"",Incorrect
23,23-2,"Please show all verses of chapter 7","chapter.all.sloka",Correct,"chapter-adhyay: Chapter
chapter-number: 7.0
shloka-verse: Shloka",Correct
23,23-3,"Thank you","",Incorrect,"",Incorrect
23,23-4,"Which verse describes Krishna's two natures?","get.previous.sloka",Incorrect,"number: 2.0
shloka-verse: Shloka",Correct
24,24-1,"Give a summary of chapter 6","chapter.summary",Correct,"chapter-adhyay: Chapter
chapter-number: 6.0
shloka-verse: null",Correct
24,24-2,"Show verse 6.6 from chapter 6","shloka.search",Correct,"Chapter-adhyay: Chapter
Shloka-verse: Shloka
chapter-number: 6.0
sloka-number: 6.6",Correct
24,24-3,"How does this verse describe the controlled mind?","get.previous.sloka",Incorrect,"number: null
shloka-verse: Shloka",Correct
25,25-1,"Display verse 5.5 of chapter 5","shloka.search",Correct,"Chapter-adhyay: Chapter
Shloka-verse: Shloka
chapter-number: 5.0
sloka-number: 5.5",Correct
25,25-2,"Yes","shloka.search - yes",Incorrect,"",Incorrect
25,25-3,"Show the next verse","get.next.sloka",Correct,"shloka-verse: Shloka",Correct
25,25-4,"How do these verses describe the enlightened person?","get.previous.sloka",Incorrect,"number: null
shloka-verse: Shloka",Correct
26,26-1,"Jai Shri Krishna!","Default Welcome Intent",Correct,"person: [object Object]",Incorrect
26,26-2,"Please show verse 4.4 from chapter 4","shloka.search",Correct,"Chapter-adhyay: Chapter
Shloka-verse: Shloka
chapter-number: 4.0
sloka-number: 4.4",Correct
26,26-3,"No","shloka.search - no",Incorrect,"",Incorrect
26,26-4,"I appreciate your help","",Incorrect,"",Incorrect
27,27-1,"verse 3 of chapter 3","shloka.search",Correct,"Chapter-adhyay: Chapter
Shloka-verse: Shloka
chapter-number: 3.0
sloka-number: 3.0",Correct
27,27-2,"Can you share verse 3.3?","get.previous.sloka",Incorrect,"number: 3.3
shloka-verse: Shloka",Correct
27,27-3,"Yes","get.previous.sloka - yes",Incorrect,"",Incorrect
27,27-4,"How does this verse explain the two paths?","get.previous.sloka",Incorrect,"number: 2.0
shloka-verse: Shloka",Correct
28,28-1,"Show all verses from chapter 2","chapter.all.sloka",Correct,"chapter-adhyay: Chapter
chapter-number: 2.0
shloka-verse: Shloka",Correct
28,28-2,"Thank you","",Incorrect,"",Incorrect
28,28-3,"Which verse introduces the concept of the soul?","get.previous.sloka",Incorrect,"number: null
shloka-verse: Shloka",Correct
29,29-1,"Provide a summary of chapter 1","chapter.summary",Correct,"chapter-adhyay: Chapter
chapter-number: 1.0
shloka-verse: null",Correct
29,29-2,"How does this chapter set the scene for the Gita?","get.next.chapter.summary",Incorrect,"chapter-adhyay: Chapter",Incorrect
30,30-1,"Hare Krishna!","Default Welcome Intent",Correct,"person: [object Object]",Incorrect
30,30-2,"Could you show verse 18.18 of chapter 18?","shloka.search",Correct,"Chapter-adhyay: Chapter
Shloka-verse: Shloka
chapter-number: 18.0
sloka-number: 18.18",Correct
30,30-3,"Yes","shloka.search - yes",Incorrect,"",Incorrect
30,30-4,"What does this verse say about the constituents of action?","get.previous.sloka",Incorrect,"number: null
shloka-verse: Shloka",Correct
31,31-1,"Give a summary of chapter 17","chapter.summary",Correct,"chapter-adhyay: Chapter
chapter-number: 17.0
shloka-verse: null",Correct
31,31-2,"Show verse 17.17 from chapter 17","shloka.search",Correct,"Chapter-adhyay: Chapter
Shloka-verse: Shloka
chapter-number: 17.0
sloka-number: 17.17",Correct
31,31-3,"No","shloka.search - no",Incorrect,"",Incorrect
31,31-4,"Thank you for the insights","",Incorrect,"",Incorrect
32,32-1,"Display version 16.16 from chapter 16","chapter.summary",Incorrect,"chapter-adhyay: Chapter
chapter-number: 16.0
shloka-verse: null",Correct
32,32-2,"Yes","",Incorrect,"",Incorrect
32,32-3,"Show the previous verse","get.previous.sloka",Correct,"number: null
shloka-verse: Shloka",Correct
32,32-4,"How do these verses contrast divine and demonic qualities?","get.previous.sloka",Incorrect,"number: null
shloka-verse: Shloka",Correct
33,33-1,"Namaste","Default Fallback Intent",Correct,"",Incorrect
33,33-2,"Please show all verses of chapter 15","chapter.all.sloka",Correct,"chapter-adhyay: Chapter
chapter-number: 15.0
shloka-verse: Shloka",Correct
33,33-3,"Thank you","",Incorrect,"",Incorrect
33,33-4,"Which verse describes the supreme person?","get.previous.sloka",Incorrect,"number: null
shloka-verse: Shloka",Correct
34,34-1,"Provide a summary of chapter 14","chapter.summary",Correct,"chapter-adhyay: Chapter
chapter-number: 14.0
shloka-verse: null",Correct
34,34-2,"Show verse 14.14 from chapter 14","shloka.search",Correct,"Chapter-adhyay: Chapter
Shloka-verse: Shloka
chapter-number: 14.0
sloka-number: 14.14",Correct
34,34-3,"How does this verse explain transcendence of the gunas?","get.previous.sloka",Incorrect,"number: null
shloka-verse: Shloka",Correct
35,35-1,"Show verse 13.13 of chapter 13","shloka.search",Correct,"Chapter-adhyay: Chapter
Shloka-verse: Shloka
chapter-number: 13.0
sloka-number: 13.13",Correct
35,35-2,"Yes","shloka.search - yes",Incorrect,"",Incorrect
35,35-3,"Display the next verse","get.next.sloka",Correct,"shloka-verse: Shloka",Correct
35,35-4,"How do these verses describe the knowable?","get.previous.sloka",Incorrect,"number: null
shloka-verse: Shloka",Correct
36,36-1,"Jai Shri Krishna!","Default Welcome Intent",Correct,"person: [object Object]",Incorrect
36,36-2,"Please display verse 12.12 from chapter 12","shloka.search",Correct,"Chapter-adhyay: Chapter
Shloka-verse: Shloka
chapter-number: 12.0
sloka-number: 12.12",Correct
36,36-3,"No","shloka.search - no",Incorrect,"",Incorrect
36,36-4,"I understand, thank you","",Incorrect,"",Incorrect
37,37-1,"verse 11 of chapter 11","shloka.search",Correct,"Chapter-adhyay: Chapter
Shloka-verse: Shloka
chapter-number: 11.0
sloka-number: 11.0",Correct
37,37-2,"Can you share verse 11.11?","get.previous.sloka",Incorrect,"number: 11.11
shloka-verse: Shloka",Correct
37,37-3,"Yes","get.previous.sloka - yes",Incorrect,"",Incorrect
37,37-4,"How does this verse describe the universal form?","get.previous.sloka",Incorrect,"number: null
shloka-verse: Shloka",Correct
38,38-1,"Show all verses from chapter 10","chapter.all.sloka",Correct,"chapter-adhyay: Chapter
chapter-number: 10.0
shloka-verse: Shloka",Correct
38,38-2,"Thank you","",Incorrect,"",Incorrect
38,38-3,"Which verse lists Krishna's divine manifestations?","get.previous.sloka",Incorrect,"number: null
shloka-verse: Shloka",Correct
39,39-1,"Provide a summary of chapter 9","chapter.summary",Correct,"chapter-adhyay: Chapter
chapter-number: 9.0
shloka-verse: null",Correct
39,39-2,"How does this chapter describe bhakti yoga?","chapter.summary",Incorrect,"chapter-adhyay: Chapter
chapter-number: 
shloka-verse: null",Incorrect
40,40-1,"Hare Krishna!","Default Welcome Intent",Correct,"person: [object Object]",Incorrect
40,40-2,"Could you show verse 8.8 of chapter 8?","shloka.search",Correct,"Chapter-adhyay: Chapter
Shloka-verse: Shloka
chapter-number: 8.0
sloka-number: 8.8",Correct
40,40-3,"Yes","shloka.search - yes",Incorrect,"",Incorrect
40,40-4,"What does this verse say about constant meditation?","get.previous.sloka",Incorrect,"number: null
shloka-verse: Shloka",Correct
41,41-1,"Provide a summary of chapter 7","chapter.summary",Correct,"chapter-adhyay: Chapter
chapter-number: 7.0
shloka-verse: null",Correct
41,41-2,"Show verse 7.7 from chapter 7","chapter.all.sloka",Correct,"chapter-adhyay: Chapter
chapter-number: 7.0
shloka-verse: Shloka",Correct
41,41-3,"No","",Incorrect,"",Incorrect
41,41-4,"Thank you for the explanation","",Incorrect,"",Incorrect
42,42-1,"Display verse 6.6 from chapter 6","chapter.summary",Incorrect,"chapter-adhyay: Chapter
chapter-number: 6.0
shloka-verse: null",Correct
42,42-2,"Yes","",Incorrect,"",Incorrect
42,42-3,"Show the previous verse","get.previous.sloka",Correct,"number: null
shloka-verse: Shloka",Correct
42,42-4,"How do these verses describe the mind?","get.previous.sloka",Incorrect,"number: null
shloka-verse: Shloka",Correct
43,43-1,"Namaste","Default Fallback Intent",Correct,"",Incorrect
43,43-2,"Please show all verses of chapter 5","chapter.all.sloka",Correct,"chapter-adhyay: Chapter
chapter-number: 5.0
shloka-verse: Shloka",Correct
43,43-3,"Thank you","",Incorrect,"",Incorrect
43,43-4,"Which verse talks about equanimity?","get.previous.sloka",Incorrect,"number: null
shloka-verse: Shloka",Correct
44,44-1,"Give a summary of chapter 4","chapter.summary",Correct,"chapter-adhyay: Chapter
chapter-number: 4.0
shloka-verse: null",Correct
44,44-2,"Show verse 4.4 from chapter 4","shloka.search",Correct,"Chapter-adhyay: Chapter
Shloka-verse: Shloka
chapter-number: 4.0
sloka-number: 4.4",Correct
44,44-3,"How does this verse describe the nature of action?","get.previous.sloka",Incorrect,"number: null
shloka-verse: Shloka",Correct
45,45-1,"Display verse 3.3 of chapter 3","shloka.search",Correct,"Chapter-adhyay: Chapter
Shloka-verse: Shloka
chapter-number: 3.0
sloka-number: 3.3",Correct
45,45-2,"Yes","shloka.search - yes",Incorrect,"",Incorrect
45,45-3,"Show the next verse","get.next.sloka",Correct,"shloka-verse: Shloka",Correct
45,45-4,"How do these verses explain karma yoga?","get.previous.sloka",Incorrect,"number: null
shloka-verse: Shloka",Correct
46,46-1,"Jai Shri Krishna!","Default Welcome Intent",Correct,"person: [object Object]",Incorrect
46,46-2,"Please show verse 2.2 from chapter 2","shloka.search",Correct,"Chapter-adhyay: Chapter
Shloka-verse: Shloka
chapter-number: 2.0
sloka-number: 2.2",Correct
46,46-3,"No","shloka.search - no",Incorrect,"",Incorrect
46,46-4,"I appreciate your assistance","",Incorrect,"",Incorrect
47,47-1,"verse 1 of chapter 1","shloka.search",Correct,"Chapter-adhyay: Chapter
Shloka-verse: Shloka
chapter-number: 1.0
sloka-number: 1.0",Correct
47,47-2,"Can you share verse 1.1?","get.previous.sloka",Incorrect,"number: 1.1
shloka-verse: Shloka",Correct
47,47-3,"Yes","get.previous.sloka - yes",Incorrect,"",Incorrect
47,47-4,"How does the Gita begin?","Default Welcome Intent",Incorrect,"person: [object Object]",Incorrect
48,48-1,"Show all verses from chapter 18","chapter.all.sloka",Correct,"chapter-adhyay: Chapter
chapter-number: 18.0
shloka-verse: Shloka",Correct
48,48-2,"Thank you","",Incorrect,"",Incorrect
48,48-3,"Which verse is considered the essence of the Gita?","shloka.search",Incorrect,"Chapter-adhyay: 
Shloka-verse: Shloka
chapter-number: 
sloka-number: ",Incorrect
49,49-1,"Provide a summary of chapter 17","chapter.summary",Correct,"chapter-adhyay: Chapter
chapter-number: 17.0
shloka-verse: null",Correct
49,49-2,"How does this chapter explain the three types of faith?","chapter.summary",Incorrect,"chapter-adhyay: Chapter
chapter-number: 3.0
shloka-verse: null",Incorrect
50,50-1,"Hare Krishna!","Default Welcome Intent",Correct,"person: [object Object]",Incorrect
50,50-2,"Could you show verse 16.16 of chapter 16?","shloka.search",Correct,"Chapter-adhyay: Chapter
Shloka-verse: Shloka
chapter-number: 16.0
sloka-number: 16.16",Correct
50,50-3,"Yes","shloka.search - yes",Incorrect,"",Incorrect
50,50-4,"What does this verse say about divine and demonic natures?","get.previous.sloka",Incorrect,"number: null
shloka-verse: Shloka",Correct
51,51-1,"Give a summary of chapter 15","chapter.summary",Correct,"chapter-adhyay: Chapter
chapter-number: 15.0
shloka-verse: null",Correct
51,51-2,"Show verse 15.15 from chapter 15","shloka.search",Correct,"Chapter-adhyay: Chapter
Shloka-verse: Shloka
chapter-number: 15.0
sloka-number: 15.15",Correct
51,51-3,"No","shloka.search - no",Incorrect,"",Incorrect
51,51-4,"Thank you for the insights","",Incorrect,"",Incorrect
52,52-1,"Display verse 14.14 from chapter 14","chapter.all.sloka",Incorrect,"chapter-adhyay: Chapter
chapter-number: 14.0
shloka-verse: Shloka",Correct
52,52-2,"Yes","",Incorrect,"",Incorrect
52,52-3,"Show the previous verse","get.previous.sloka",Correct,"number: null
shloka-verse: Shloka",Correct
52,52-4,"How do these verses explain the three gunas?","get.previous.sloka",Incorrect,"number: 3.0
shloka-verse: Shloka",Correct
53,53-1,"Namaste","Default Fallback Intent",Correct,"",Incorrect
53,53-2,"Please show all verses of chapter 13","chapter.all.sloka",Correct,"chapter-adhyay: Chapter
chapter-number: 13.0
shloka-verse: Shloka",Correct
53,53-3,"Thank you","",Incorrect,"",Incorrect
53,53-4,"Which verse defines the field and the knower of the field?","get.previous.sloka",Incorrect,"number: null
shloka-verse: Shloka",Correct
54,54-1,"Provide a summary of chapter 12","chapter.summary",Correct,"chapter-adhyay: Chapter
chapter-number: 12.0
shloka-verse: null",Correct
54,54-2,"Show verse 12.12 from chapter 12","chapter.all.sloka",Incorrect,"chapter-adhyay: Chapter
chapter-number: 12.0
shloka-verse: Shloka",Correct
54,54-3,"How does this verse describe the ideal devotee?","get.previous.sloka",Incorrect,"number: null
shloka-verse: Shloka",Correct
55,55-1,"Show verse 11.11 of chapter 11","shloka.search",Correct,"Chapter-adhyay: Chapter
Shloka-verse: Shloka
chapter-number: 11.0
sloka-number: 11.11",Correct
55,55-2,"Yes","shloka.search - yes",Incorrect,"",Incorrect
55,55-3,"Display the next verse","get.next.sloka",Correct,"shloka-verse: Shloka",Correct
55,55-4,"How do these verses describe the universal form?","get.previous.sloka",Incorrect,"number: null
shloka-verse: Shloka",Incorrect
56,56-1,"Jai Shri Krishna!","Default Welcome Intent",Correct,"person: [object Object]",Incorrect
56,56-2,"Please display verse 10.10 from chapter 10","shloka.search",Correct,"Chapter-adhyay: Chapter
Shloka-verse: Shloka
chapter-number: 10.0
sloka-number: 10.1",Incorrect
56,56-3,"No","shloka.search - no",Incorrect,"",Incorrect
56,56-4,"I understand, thank you for your time","",Incorrect,"",Incorrect
57,57-1,"verse 9 of chapter 9","shloka.search",Correct,"Chapter-adhyay: Chapter
Shloka-verse: Shloka
chapter-number: 9.0
sloka-number: ",Incorrect
57,57-2,"Can you share verse 9.9?","shloka.search",Correct,"Chapter-adhyay: Chapter
Shloka-verse: Shloka
chapter-number: 9.0
sloka-number: 9.9",Correct
57,57-3,"Yes","shloka.search - yes",Incorrect,"",Incorrect
57,57-4,"How does this verse describe devotion?","get.previous.sloka",Incorrect,"number: null
shloka-verse: Shloka",Correct
58,58-1,"Show all verses from chapter 8","chapter.all.sloka",Correct,"chapter-adhyay: Chapter
chapter-number: 8.0
shloka-verse: Shloka",Correct
58,58-2,"Thank you","",Incorrect,"",Incorrect
58,58-3,"Which verse talks about remembering Krishna at the time of death?","get.previous.sloka",Incorrect,"number: null
shloka-verse: Shloka",Correct
59,59-1,"Give me a summary of chapter 7","chapter.summary",Correct,"chapter-adhyay: Chapter
chapter-number: 7.0
shloka-verse: null",Correct
59,59-2,"How does this chapter describe Krishna's divine nature?","chapter.summary",Incorrect,"chapter-adhyay: Chapter
chapter-number: 
shloka-verse: null",Incorrect
60,60-1,"Hare Krishna!","Default Welcome Intent",Correct,"person: [object Object]",Incorrect
60,60-2,"Could you show verse 6.6 of chapter 6?","shloka.search",Correct,"Chapter-adhyay: Chapter
Shloka-verse: Shloka
chapter-number: 6.0
sloka-number: 6.6",Correct
60,60-3,"Yes","shloka.search - yes",Incorrect,"",Incorrect
60,60-4,"What does this verse say about self-control?","get.previous.sloka",Incorrect,"number: null
shloka-verse: Shloka",Correct
61,61-1,"Provide a summary of chapter 5","chapter.summary",Correct,"chapter-adhyay: Chapter
chapter-number: 5.0
shloka-verse: null",Correct
61,61-2,"Show verse 5.5 from chapter 5","shloka.search",Correct,"Chapter-adhyay: Chapter
Shloka-verse: Shloka
chapter-number: 5.0
sloka-number: 5.5",Correct
61,61-3,"No","shloka.search - no",Incorrect,"",Incorrect
61,61-4,"Thank you for the explanation","",Incorrect,"",Incorrect
62,62-1,"Display verse 4.4 from chapter 4","shloka.search",Correct,"Chapter-adhyay: Chapter
Shloka-verse: Shloka
chapter-number: 4.0
sloka-number: 4.4",Correct
62,62-2,"Yes","shloka.search - yes",Incorrect,"",Incorrect
62,62-3,"Show the previous verse","get.previous.sloka",Correct,"number: null
shloka-verse: Shloka",Correct
62,62-4,"How do these verses explain karma yoga?","get.previous.sloka",Incorrect,"number: null
shloka-verse: Shloka",Correct
63,63-1,"Namaste","Default Fallback Intent",Correct,"",Incorrect
63,63-2,"Please show all verses of chapter 3","shloka.search",Incorrect,"Chapter-adhyay: Chapter
Shloka-verse: Shloka
chapter-number: 3.0
sloka-number: ",Incorrect
63,63-3,"Thank you","",Incorrect,"",Incorrect
63,63-4,"Which verse talks about performing one's duty?","get.previous.sloka",Incorrect,"number: null
shloka-verse: Shloka",Correct
64,64-1,"Give a summary of chapter 2","chapter.summary",Correct,"chapter-adhyay: Chapter
chapter-number: 2.0
shloka-verse: null",Correct
64,64-2,"Show verse 2.2 from chapter 2","shloka.search",Correct,"Chapter-adhyay: Chapter
Shloka-verse: Shloka
chapter-number: 2.0
sloka-number: 2.2",Correct
64,64-3,"How does this verse set the tone for the chapter?","chapter.all.sloka",Incorrect,"chapter-adhyay: Chapter
chapter-number: 
shloka-verse: Shloka",Incorrect
65,65-1,"Display verse 1.19 of chapter 1","shloka.search",Correct,"Chapter-adhyay: Chapter
Shloka-verse: Shloka
chapter-number: 1.0
sloka-number: 1.19",Correct
65,65-2,"Yes","shloka.search - yes",Incorrect,"",Incorrect
65,65-3,"Show the next verse","get.next.sloka",Correct,"shloka-verse: Shloka",Correct
65,65-4,"What's happening in these verses?","Default Fallback Intent",Incorrect,"",Incorrect
66,66-1,"Jai Shri Krishna!","Default Welcome Intent",Correct,"person: [object Object]",Incorrect
66,66-2,"Please show verse 18.18 from chapter 18","shloka.search",Correct,"Chapter-adhyay: Chapter
Shloka-verse: Shloka
chapter-number: 18.0
sloka-number: 18.18",Correct
66,66-3,"No","shloka.search - no",Incorrect,"",Incorrect
66,66-4,"I appreciate your help","",Incorrect,"",Incorrect
67,67-1,"verse 17 of chapter 17","shloka.search",Correct,"Chapter-adhyay: Chapter
Shloka-verse: Shloka
chapter-number: 17.0
sloka-number: 17.0",Incorrect
67,67-2,"Can you share verse 17.17?","shloka.search",Correct,"number: 17.17
shloka-verse: Shloka",Correct
67,67-3,"Yes","shloka.search - yes",Incorrect,"",Incorrect
67,67-4,"How does this verse relate to faith?","get.previous.sloka",Incorrect,"number: null
shloka-verse: Shloka",Correct
68,68-1,"Show all verses from chapter 16","chapter.all.sloka",Correct,"chapter-adhyay: Chapter
chapter-number: 16.0
shloka-verse: Shloka",Correct
68,68-2,"Thank you","",Incorrect,"",Incorrect
68,68-3,"Which verse discusses divine qualities?","get.previous.sloka",Incorrect,"number: null
shloka-verse: Shloka",Correct
69,69-1,"Provide a summary of chapter 15","chapter.summary",Correct,"chapter-adhyay: Chapter
chapter-number: 15.0
shloka-verse: null",Correct
69,69-2,"How does this chapter relate to the cosmic tree?","chapter.summary",Incorrect,"chapter-adhyay: Chapter
chapter-number: 
shloka-verse: null",Incorrect
70,70-1,"Could you display verse 14.14 of chapter 14?","shloka.search",Correct,"Chapter-adhyay: Chapter
Shloka-verse: Shloka
chapter-number: 14.0
sloka-number: 14.14",Correct
70,70-2,"Yes","shloka.search - yes",Incorrect,"",Incorrect
70,70-3,"What's the significance of this verse?","get.previous.sloka",Incorrect,"number: null
shloka-verse: Shloka",Correct
71,71-1,"Give a summary of chapter 13","chapter.summary",Correct,"chapter-adhyay: Chapter
chapter-number: 13.0
shloka-verse: null",Correct
71,71-2,"Show verse 13.13 from chapter 13","shloka.search",Correct,"Chapter-adhyay: Chapter
Shloka-verse: Shloka
chapter-number: 13.0
sloka-number: 13.13",Correct
71,71-3,"No","shloka.search - no",Incorrect,"",Incorrect
71,71-4,"Thank you for explaining","",Incorrect,"",Incorrect
72,72-1,"Display verse 12.12 from chapter 12","chapter.all.sloka",Incorrect,"chapter-adhyay: Chapter
chapter-number: 12.0
shloka-verse: Shloka",Correct
72,72-2,"Yes","",Incorrect,"",Incorrect
72,72-3,"Show the previous verse","get.previous.sloka",Correct,"number: null
shloka-verse: Shloka",Correct
72,72-4,"What's the theme of these verses?","get.previous.sloka",Incorrect,"number: null
shloka-verse: Shloka",Correct
73,73-1,"Namaste","Default Fallback Intent",Correct,"",Incorrect
73,73-2,"Please show all verses of chapter 11","chapter.all.sloka",Correct,"chapter-adhyay: Chapter
chapter-number: 11.0
shloka-verse: Shloka",Correct
73,73-3,"Thank you","",Incorrect,"",Incorrect
73,73-4,"Which verse describes Arjuna's reaction to the universal form?","get.previous.sloka",Incorrect,"number: null
shloka-verse: Shloka",Correct
74,74-1,"Provide a summary of chapter 10","chapter.summary",Correct,"chapter-adhyay: Chapter
chapter-number: 10.0
shloka-verse: null",Correct
74,74-2,"Show verse 10.10 from chapter 10","shloka.search",Correct,"Chapter-adhyay: Chapter
Shloka-verse: Shloka
chapter-number: 10.0
sloka-number: 10.10",Correct
74,74-3,"How does this verse relate to divine manifestations?","get.previous.sloka",Incorrect,"number: null
shloka-verse: Shloka",Correct
75,75-1,"Show verse 9.9 of chapter 9","shloka.search",Correct,"Chapter-adhyay: Chapter
Shloka-verse: Shloka
chapter-number: 9.0
sloka-number: 9.9",Correct
75,75-2,"Yes","shloka.search - yes",Incorrect,"",Incorrect
75,75-3,"Display the next verse","get.next.sloka",Correct,"shloka-verse: Shloka",Correct
75,75-4,"How are these verses connected?","get.previous.sloka",Incorrect,"number: null
shloka-verse: Shloka",Correct
76,76-1,"Jai Shri Krishna!","Default Welcome Intent",Correct,"person: [object Object]",Incorrect
76,76-2,"Please display versus 8.8 from chapter 8","chapter.summary",Incorrect,"chapter-adhyay: Chapter
chapter-number: 8.0
shloka-verse: null",Correct
76,76-3,"No","",Incorrect,"",Incorrect
76,76-4,"I understand, thank you","",Incorrect,"",Incorrect
77,77-1,"verse 7 of chapter 7","shloka.search",Correct,"Chapter-adhyay: Chapter
Shloka-verse: Shloka
chapter-number: 7.0
sloka-number: 7.0",Incorrect
77,77-2,"Can you share verse 7.7?","shloka.search",Correct,"number: 7.7
shloka-verse: Shloka",Correct
77,77-3,"Yes","shloka.search - yes",Incorrect,"",Incorrect
77,77-4,"How does Krishna describe himself here?","Default Welcome Intent",Incorrect,"person: [object Object]",Incorrect
78,78-1,"Show all verses from chapter 6","chapter.all.sloka",Correct,"chapter-adhyay: Chapter
chapter-number: 6.0
shloka-verse: Shloka",Correct
78,78-2,"Thank you","",Incorrect,"",Incorrect
78,78-3,"Which verse talks about meditation?","get.previous.sloka",Incorrect,"number: null
shloka-verse: Shloka",Correct
79,79-1,"Give me a summary of chapter 5","chapter.summary",Correct,"chapter-adhyay: Chapter
chapter-number: 5.0
shloka-verse: null",Correct
79,79-2,"How does this chapter discuss karma?","chapter.summary",Incorrect,"chapter-adhyay: Chapter
chapter-number: 
shloka-verse: null",Incorrect
80,80-1,"Could you show verse 4.4 of chapter 4?","shloka.search",Correct,"Chapter-adhyay: Chapter
Shloka-verse: Shloka
chapter-number: 4.0
sloka-number: 4.4",Correct
80,80-2,"Yes","shloka.search - yes",Incorrect,"",Incorrect
80,80-3,"What's the main teaching here?","Default Fallback Intent",Incorrect,"",Incorrect
81,81-1,"Provide a summary of chapter 3","chapter.summary",Correct,"chapter-adhyay: Chapter
chapter-number: 3.0
shloka-verse: null",Correct
81,81-2,"Display verse 3.3 from chapter 3","shloka.search",Correct,"Chapter-adhyay: Chapter
Shloka-verse: Shloka
chapter-number: 3.0
sloka-number: 3.3",Correct
81,81-3,"No","shloka.search - no",Incorrect,"",Incorrect
81,81-4,"Thank you for the information","",Incorrect,"",Incorrect
82,82-1,"Display verse 2.20 from chapter 2","shloka.search",Incorrect,"Chapter-adhyay: Chapter
Shloka-verse: Shloka
chapter-number: 2.0
sloka-number: 2.2",Incorrect
82,82-2,"Yes","shloka.search - yes",Incorrect,"",Incorrect
82,82-3,"Show the previous verse","get.previous.sloka",Correct,"number: null
shloka-verse: Shloka",Correct
82,82-4,"How do these verses relate?","get.previous.sloka",Incorrect,"number: null
shloka-verse: Shloka",Correct
83,83-1,"Namaste","Default Fallback Intent",Correct,"",Incorrect
83,83-2,"Please show all verses of chapter 1","chapter.all.sloka",Correct,"chapter-adhyay: Chapter
chapter-number: 1.0
shloka-verse: Shloka",Correct
83,83-3,"Thank you","",Incorrect,"",Incorrect
83,83-4,"Which verse introduces the main conflict?","get.previous.sloka",Incorrect,"number: null
shloka-verse: Shloka",Correct
84,84-1,"Provide a summary of chapter 18","chapter.summary",Correct,"chapter-adhyay: Chapter
chapter-number: 18.0
shloka-verse: null",Correct
84,84-2,"Display verse 18.18 from chapter 18","chapter.all.sloka",Incorrect,"chapter-adhyay: Chapter
chapter-number: 18.0
shloka-verse: Shloka",Correct
84,84-3,"How does this verse summarize the chapter?","get.next.chapter.summary",Incorrect,"chapter-adhyay: Chapter",Incorrect
85,85-1,"Display verse 17.17 of chapter 17","shloka.search",Correct,"Chapter-adhyay: Chapter
Shloka-verse: Shloka
chapter-number: 17.0
sloka-number: 17.17",Correct
85,85-2,"Yes","shloka.search - yes",Incorrect,"",Incorrect
85,85-3,"Show the next verse","get.next.sloka",Correct,"shloka-verse: Shloka",Correct
85,85-4,"What's the connection between these verses?","get.previous.sloka",Incorrect,"number: null
shloka-verse: Shloka",Correct
86,86-1,"Jai Shri Krishna!","Default Welcome Intent",Correct,"person: [object Object]",Incorrect
86,86-2,"Please show verse 16.16 from chapter 16","shloka.search",Correct,"Chapter-adhyay: Chapter
Shloka-verse: Shloka
chapter-number: 16.0
sloka-number: 16.16",Correct
86,86-3,"No","shloka.search - no",Incorrect,"",Incorrect
86,86-4,"Thank you anyway","",Incorrect,"",Incorrect
87,87-1,"verse 15 of chapter 15","shloka.search",Correct,"Chapter-adhyay: Chapter
Shloka-verse: Shloka
chapter-number: 15.0
sloka-number: 15.0",Incorrect
87,87-2,"Would you share verse 15.15?","shloka.search",Correct,"number: 15.15
shloka-verse: Shloka",Correct
87,87-3,"Yes","shloka.search - yes",Incorrect,"",Incorrect
87,87-4,"Can you explain its context?","Default Fallback Intent",Incorrect,"",Incorrect
88,88-1,"Display all verses of chapter 14","chapter.all.sloka",Correct,"chapter-adhyay: Chapter
chapter-number: 14.0
shloka-verse: Shloka",Correct
88,88-2,"Thank you","",Incorrect,"",Incorrect
88,88-3,"Which verse is most significant?","get.previous.sloka",Incorrect,"number: null
shloka-verse: Shloka",Correct
89,89-1,"Provide a summary of chapter 13","chapter.summary",Correct,"chapter-adhyay: Chapter
chapter-number: 13.0
shloka-verse: null",Correct
89,89-2,"How does this chapter relate to the previous one?","chapter.summary",Incorrect,"chapter-adhyay: Chapter
chapter-number: 
shloka-verse: null",Incorrect
90,90-1,"Hare Krishna!","Default Welcome Intent",Correct,"person: [object Object]",Incorrect
90,90-2,"Could you show verse 12.12 from chapter 12?","shloka.search",Correct,"Chapter-adhyay: Chapter
Shloka-verse: Shloka
chapter-number: 12.0
sloka-number: 12.12",Correct
90,90-3,"Yes","shloka.search - yes",Incorrect,"",Incorrect
90,90-4,"What's the key message here?","get.previous.sloka",Incorrect,"number: null
shloka-verse: Shloka",Correct
91,91-1,"Provide a summary of chapter 11","chapter.summary",Correct,"chapter-adhyay: Chapter
chapter-number: 11.0
shloka-verse: null",Correct
91,91-2,"Display verse 11.11 from chapter 11","shloka.search",Correct,"Chapter-adhyay: Chapter
Shloka-verse: Shloka
chapter-number: 11.0
sloka-number: 11.11",Correct
91,91-3,"No","shloka.search - no",Incorrect,"",Incorrect
91,91-4,"I see, thank you","",Incorrect,"",Incorrect
92,92-1,"Display verse 10.10 from chapter 10","shloka.search",Correct,"Chapter-adhyay: Chapter
Shloka-verse: Shloka
chapter-number: 10.0
sloka-number: 10.10",Correct
92,92-2,"Yes","shloka.search - yes",Incorrect,"",Incorrect
92,92-3,"Show the next verse","get.next.sloka",Correct,"shloka-verse: Shloka",Correct
92,92-4,"Show the following verse","get.next.sloka",Correct,"shloka-verse: Shloka",Correct
92,92-5,"Thank you","",Incorrect,"",Incorrect
93,93-1,"Namaste","Default Fallback Intent",Correct,"",Incorrect
93,93-2,"Please show all verses of chapter 9","chapter.all.sloka",Correct,"chapter-adhyay: Chapter
chapter-number: 9.0
shloka-verse: Shloka",Correct
93,93-3,"Thank you","",Incorrect,"",Incorrect
93,93-4,"That was informative","",Incorrect,"",Incorrect
94,94-1,"Provide a summary of chapter 8","chapter.summary",Correct,"chapter-adhyay: Chapter
chapter-number: 8.0
shloka-verse: null",Correct
94,94-2,"Display verse 8.1 from chapter 8","shloka.search",Correct,"chapter-adhyay: Chapter
chapter-number: 8.0
shloka-verse: Shloka",Correct
94,94-3,"How does this relate to the summary?","chapter.summary",Incorrect,"chapter-adhyay: Chapter
chapter-number: 
shloka-verse: null",Incorrect
95,95-1,"Display verse 7.7 of chapter 7","shloka.search",Correct,"chapter-adhyay: Chapter
chapter-number: 7.0
shloka-verse: Shloka",Correct
95,95-2,"Yes","shloka.search - yes",Incorrect,"",Incorrect
95,95-3,"Show the previous verse","get.previous.sloka",Correct,"number: null
shloka-verse: Shloka",Correct
95,95-4,"What does this mean?","Default Fallback Intent",Incorrect,"",Incorrect
96,96-1,"Jai Shri Krishna!","Default Welcome Intent",Correct,"person: [object Object]",Incorrect
96,96-2,"Please show verse 6.1 from chapter 6","shloka.search",Correct,"Chapter-adhyay: Chapter
Shloka-verse: Shloka
chapter-number: 6.0
sloka-number: 6.1",Correct
96,96-3,"No","shloka.search - no",Incorrect,"",Incorrect
96,96-4,"Thank you","",Incorrect,"",Incorrect
96,96-5,"Goodbye","",Incorrect,"",Incorrect
97,97-1,"verse 4 of chapter 5","shloka.search",Correct,"Chapter-adhyay: Chapter
Shloka-verse: Shloka
chapter-number: 5.0
sloka-number: 4.0",Correct
97,97-2,"Would you share verse 5.4?","shloka.search",Correct,"number: 5.4
shloka-verse: Shloka",Correct
97,97-3,"Yes","shloka.search - yes",Incorrect,"",Incorrect
97,97-4,"Can you explain its meaning?","Default Fallback Intent",Incorrect,"",Incorrect
98,98-1,"Display all verses of chapter 3","chapter.all.sloka",Correct,"Chapter-adhyay: Chapter
Shloka-verse: Shloka
chapter-number: 3.0
sloka-number: ",Incorrect
98,98-2,"Thank you for sharing","",Incorrect,"",Incorrect
99,99-1,"That's interesting, could you explain more?","Default Fallback Intent",Correct,"",Incorrect
99,99-2,"Provide a summary of chapter 2","chapter.summary",Correct,"chapter-adhyay: Chapter
chapter-number: 2.0
shloka-verse: null",Correct
100,100-1,"Hare Krishna!","Default Welcome Intent",Correct,"person: [object Object]",Incorrect
100,100-2,"Could you show verse 1.1 from chapter 1","shloka.search",Correct,"Chapter-adhyay: Chapter
Shloka-verse: Shloka
chapter-number: 1.0
sloka-number: 1.1",Correct
100,100-3,"Yes","shloka.search - yes",Incorrect,"",Incorrect
100,100-4,"Please show the next verse","get.next.sloka",Correct,"shloka-verse: Shloka",Correct
100,100-5,"Thank you","",Incorrect,"",Incorrect
